City_ID,City,Lat,Lng,Max Temp,Humidity,Cloudiness,Wind Speed,Country,Date
0,devonport,-41.1667,146.35,9.45,6.96,85,4.69,AU,1687788511
1,mogocha,53.7333,119.7667,16.74,16.74,100,1.51,RU,1687788595
2,ormara,25.2088,64.6357,29.51,29.51,55,6.56,PK,1687788596
3,el galpon,-25.3807,-64.6526,23.64,23.64,0,1.34,AR,1687788597
4,tiksi,71.6872,128.8694,10.26,10.26,92,2.81,RU,1687788598
5,tazovsky,67.4667,78.7,11.27,11.27,15,0.99,RU,1687788599
6,namtsy,62.7161,129.6658,19.78,19.78,39,2.25,RU,1687788600
7,broome,42.2506,-75.833,25.1,22.52,0,5.14,US,1687788600
8,trinidad,-14.8333,-64.9,27.52,27.52,69,1.9,BO,1687788601
9,bethel,41.3712,-73.414,24.56,20.17,100,3.6,US,1687788602
10,mangai,-4.05,19.5333,30.82,30.82,97,0.59,CD,1687788604
11,puerto natales,-51.7236,-72.4875,-0.75,-0.75,75,2.57,CL,1687788605
12,papatowai,-46.5619,169.4708,9.02,9.02,100,1.12,NZ,1687788605
13,taoudenni,22.6783,-3.9836,44.76,44.76,0,2.3,ML,1687788606
14,inirida,3.8653,-67.9239,27.76,27.76,93,0.21,CO,1687788607
15,hawaiian paradise park,19.5933,-154.9731,21.05,19.85,40,3.09,US,1687788608
16,vilyuysk,63.7553,121.6247,17.54,17.54,100,2.67,RU,1687788609
17,trairi,-3.2778,-39.2689,29.84,29.84,19,6.24,BR,1687788610
18,petropavlovsk-kamchatsky,53.0452,158.6483,10.99,10.99,49,0.6,RU,1687788610
19,cabo san lucas,22.8909,-109.9124,26.95,23.99,4,1.34,MX,1687788611
20,port-aux-francais,-49.35,70.2167,3.45,3.45,99,11.78,TF,1687788388
21,lewistown,40.5992,-77.5714,25.52,21.2,0,0.0,US,1687788613
22,ardakan,32.31,54.0175,36.75,36.75,0,8.26,IR,1687788614
23,greymouth,-42.4667,171.2,10.3,10.3,94,1.78,NZ,1687788615
24,whitehorse,60.7161,-135.0538,10.17,7.79,47,3.58,CA,1687788616
25,maridi,4.9158,29.4742,25.44,25.44,81,0.71,SS,1687788616
26,kani keli,-12.9536,45.1033,28.59,28.59,11,6.33,YT,1687788617
27,cartagena,10.3997,-75.5144,26.0,26.0,100,3.62,CO,1687788618
28,san antonio de pale,-1.4014,5.6325,25.18,25.18,89,2.99,GQ,1687788619
29,dawson creek,55.7666,-120.2362,15.67,15.67,89,1.32,CA,1687788620
30,albany,42.6001,-73.9662,25.35,21.97,99,1.34,US,1687788621
31,dongkan,33.9997,119.8308,23.59,23.59,7,1.76,CN,1687788621
32,ha tinh,18.3333,105.9,26.32,26.32,100,0.87,VN,1687788358
33,ushuaia,-54.8,-68.3,0.81,-0.21,98,6.17,AR,1687788623
34,kavaratti,10.5669,72.642,28.52,28.52,100,6.22,IN,1687788624
35,mount isa,-20.7333,139.5,14.87,14.87,18,0.0,AU,1687788625
36,severo-yeniseyskiy,60.3725,93.0408,7.95,7.95,100,1.49,RU,1687788625
37,viedma,-40.8135,-62.9967,12.36,12.36,1,7.97,AR,1687788626
38,berezovyy,51.6667,135.7,17.04,17.04,4,1.15,RU,1687788627
39,abra pampa,-22.7205,-65.697,10.48,10.48,0,1.3,AR,1687788628
40,launceston,-41.45,147.1667,7.67,3.8,61,4.12,AU,1687788626
41,waitangi,-43.9535,-176.5597,11.57,11.57,11,6.26,NZ,1687788630
42,afaahiti,-17.75,-149.2833,25.93,25.59,22,7.85,PF,1687788632
43,carnarvon,-24.8667,113.6333,15.43,15.43,2,10.27,AU,1687788632
44,baharly,38.4362,57.4316,34.77,34.77,0,2.72,TM,1687788633
45,thompson,55.7435,-97.8558,14.67,14.67,6,1.57,CA,1687788634
46,adamstown,-25.066,-130.1015,22.58,22.58,2,4.58,PN,1687788635
47,puerto ayora,-0.7393,-90.3518,26.98,25.31,98,3.13,EC,1687788636
48,lanxi,29.2195,119.477,24.82,24.82,100,0.95,CN,1687788637
49,jamestown,42.097,-79.2353,20.77,18.73,100,3.6,US,1687788637
50,vorkuta,67.5,64.0,14.26,14.26,100,3.75,RU,1687788638
51,sinabang,2.4803,96.3801,26.7,26.7,36,0.76,ID,1687788639
52,taber,49.8167,-112.1518,17.0,16.01,8,0.51,CA,1687788640
53,enewetak,11.3474,162.3373,28.18,28.18,100,8.5,MH,1687788640
54,tibati,6.4667,12.6333,22.11,22.11,100,2.07,CM,1687788641
55,nahiyat ash shinafiyah,31.5874,44.6602,43.38,43.38,0,10.0,IQ,1687788642
56,blackmans bay,-43.0167,147.3167,8.62,8.07,93,3.18,AU,1687788643
57,badger,64.8,-147.5333,14.17,11.32,40,0.0,US,1687788644
58,krokek,58.6667,16.4,24.81,22.06,0,6.17,SE,1687788645
59,fisterra,42.9049,-9.2629,20.97,20.97,6,10.69,ES,1687788645
60,xilin hot,43.9667,116.0333,19.86,19.86,100,4.27,CN,1687788646
61,celestun,20.8667,-90.4,27.51,27.51,3,2.83,MX,1687788647
62,san pedro pochutla,15.7333,-96.4667,25.95,25.84,100,1.44,MX,1687788648
63,kununurra,-15.7667,128.7333,24.99,24.99,100,0.0,AU,1687788649
64,ilulissat,69.2167,-51.1,6.01,6.01,40,2.57,GL,1687788649
65,tokar,18.4254,37.729,39.86,39.86,6,6.27,SD,1687788650
66,mejit,10.2753,170.8646,28.11,28.11,99,9.84,MH,1687788651
67,grytviken,-54.2811,-36.5092,0.09,0.09,73,8.86,GS,1687788652
68,axim,4.8699,-2.2405,26.07,26.07,64,4.21,GH,1687788653
69,leo,11.1,-2.1,29.35,29.35,90,3.49,BF,1687788653
70,bikenibeu village,1.3673,173.1241,26.98,26.98,75,2.06,KI,1687788654
71,isafjordur,66.0755,-23.124,14.02,14.02,20,5.14,IS,1687788655
72,hermanus,-34.4187,19.2345,14.33,14.33,98,9.8,ZA,1687788470
73,port elizabeth,-33.918,25.5701,15.16,12.95,100,5.14,ZA,1687788657
74,stanley,54.868,-1.6985,20.29,17.77,40,8.23,GB,1687788658
75,margate,51.3813,1.3862,23.28,22.05,90,1.87,GB,1687788658
76,botshabelo,-29.2702,26.7052,21.65,21.65,0,3.89,ZA,1687788659
77,iqaluit,63.7506,-68.5145,6.85,5.39,75,4.63,CA,1687788661
78,olonkinbyen,70.9221,-8.7187,5.02,5.02,95,5.57,SJ,1687788662
79,campina verde,-19.5356,-49.4864,24.69,24.69,0,3.04,BR,1687788662
80,beau vallon,-20.4189,57.6953,21.13,20.68,20,0.0,MU,1687788663
81,port alfred,-33.5906,26.891,15.1,15.1,100,2.24,ZA,1687788664
82,ust-nera,64.5667,143.2,20.7,20.7,100,1.62,RU,1687788665
83,bol,13.4586,14.7147,27.63,27.63,29,5.01,TD,1687788666
84,ancud,-41.8697,-73.8203,9.34,9.34,100,7.08,CL,1687788669
85,touros,-5.1989,-35.4608,29.07,29.07,17,7.01,BR,1687788670
86,acarau,-2.8856,-40.12,29.55,29.55,10,6.4,BR,1687788671
87,port saint john's,-31.6229,29.5448,17.98,17.98,93,7.52,ZA,1687788672
88,ola,59.5833,151.2833,8.7,8.7,85,0.93,RU,1687788672
89,hami,42.8,93.45,26.51,26.51,100,13.38,CN,1687788626
90,kendari,-3.945,122.4989,25.0,25.0,55,0.37,ID,1687788674
91,west island,-12.1568,96.8225,25.99,25.99,40,7.72,CC,1687788675
92,gebeit,21.0667,36.3167,40.84,40.84,10,3.75,SD,1687788676
93,edinburgh of the seven seas,-37.0676,-12.3116,15.59,15.59,100,15.31,SH,1687788676
94,codrington,-38.2667,141.9667,8.43,8.43,42,4.04,AU,1687788677
95,san luis de la loma,17.2706,-100.8939,27.32,27.32,93,1.96,MX,1687788678
96,hameenkyro,61.6391,23.1953,24.25,23.33,100,3.35,FI,1687788679
97,margaret river,-33.95,115.0667,10.06,10.06,63,2.74,AU,1687788592
98,yellowknife,62.456,-114.3525,12.1,12.1,100,5.79,CA,1687788681
99,geraldton,-28.7667,114.6,6.23,6.23,4,3.09,AU,1687788682
100,mohammedia,33.7066,-7.3944,44.23,34.18,0,7.2,MA,1687788682
101,arraial do cabo,-22.9661,-42.0278,25.92,25.92,0,2.06,BR,1687788683
102,atafu village,-8.5421,-172.5159,28.6,28.6,10,6.55,TK,1687788684
103,college,64.8569,-147.8028,14.21,11.37,75,0.0,US,1687788685
104,kuta,-8.7233,115.1723,25.97,25.56,20,3.13,ID,1687788686
105,la passe,45.5549,-0.8967,27.13,21.1,87,6.04,FR,1687788687
106,susuman,62.7833,148.1667,16.38,16.38,100,0.95,RU,1687788687
107,pandan,14.0453,124.1694,26.94,26.94,100,0.02,PH,1687788688
108,east london,-33.0153,27.9116,13.52,13.52,100,4.63,ZA,1687788689
109,mata-utu,-13.2816,-176.1745,27.19,27.19,20,3.62,WF,1687788690
110,guelendeng,10.9176,15.5501,35.28,35.28,9,1.06,TD,1687788691
111,sao vicente,-23.9631,-46.3919,28.48,27.75,0,0.75,BR,1687788617
112,alice springs,-23.7,133.8833,12.75,12.75,100,0.0,AU,1687788693
113,lagoa formosa,-18.7786,-46.4075,23.34,23.34,0,3.79,BR,1687788694
114,klyuchi,52.2667,79.1667,21.7,21.7,93,4.8,RU,1687788695
115,tarawa,1.419,172.984,27.05,27.05,75,2.06,KI,1687788417
116,longyearbyen,78.2186,15.6401,5.91,5.91,75,3.6,SJ,1687788696
117,port-vila,-17.7338,168.3219,22.07,22.07,100,4.81,VU,1687788697
118,bilokurakyne,49.5341,38.7307,17.79,17.79,100,5.16,UA,1687788698
119,dowlatabad,32.7998,51.6955,34.82,34.82,0,0.0,IR,1687788699
120,ribeira grande,38.5167,-28.7,21.54,21.22,75,2.68,PT,1687788699
121,la ferte-saint-aubin,47.7169,1.939,26.1,24.09,88,3.39,FR,1687788700
122,swakopmund,-22.6833,14.5333,15.55,15.55,90,2.24,NA,1687788489
123,valenca do piaui,-6.4075,-41.7456,31.74,31.74,10,4.42,BR,1687788702
124,suva,-18.1416,178.4415,16.71,16.71,20,2.57,FJ,1687788703
125,napier,-39.4833,176.9167,10.71,10.71,100,0.45,NZ,1687788411
126,kulhudhuffushi,6.6221,73.07,28.34,28.34,100,7.06,MV,1687788704
127,upington,-28.4478,21.2561,28.21,28.21,0,7.72,ZA,1687788705
128,kudahuvadhoo,2.6708,72.8944,28.66,28.66,100,6.13,MV,1687788706
129,hodos,46.8233,16.3342,27.66,27.66,19,1.16,SI,1687788707
130,st. john's,47.5649,-52.7093,10.71,6.61,100,7.2,CA,1687788708
131,kodiak,57.79,-152.4072,8.73,8.73,100,4.12,US,1687788710
132,poyang,28.9924,116.6675,24.71,24.71,100,3.37,CN,1687788710
133,kavieng,-2.5744,150.7967,27.29,27.29,100,8.44,PG,1687788711
134,birjand,32.8663,59.2211,35.26,35.26,0,7.2,IR,1687788712
135,baganga,7.5739,126.56,26.39,26.39,64,2.73,PH,1687788713
136,hammerfest,70.6634,23.6821,13.25,13.25,0,5.66,NO,1687788714
137,ambalangoda,6.2355,80.0538,26.66,26.66,69,4.26,LK,1687788715
138,puerto baquerizo moreno,-0.9,-89.6,25.55,25.55,40,4.63,EC,1687788715
139,mogadishu,2.0371,45.3438,26.31,26.31,28,8.93,SO,1687788716
140,smithers,54.7804,-127.1743,15.18,15.18,75,1.54,CA,1687788718
141,minas de marcona,-15.2119,-75.1103,15.88,15.88,1,3.72,PE,1687788718
142,mount pearl,47.5166,-52.7813,10.25,6.15,100,7.2,CA,1687788719
143,bunda,-2.05,33.8667,24.77,24.77,99,1.86,TZ,1687788720
144,kone,-21.0595,164.8658,14.82,14.82,8,1.07,NC,1687788721
145,richards bay,-28.783,32.0377,21.23,21.23,0,3.04,ZA,1687788722
146,misratah,32.3754,15.0925,25.89,25.89,1,7.95,LY,1687788723
147,georgetown,5.4112,100.3354,28.96,26.64,20,0.0,MY,1687788616
148,port mathurin,-19.6833,63.4167,23.3,23.3,91,7.14,MU,1687788724
149,lesnoy,57.6198,63.0784,12.96,12.96,99,4.43,RU,1687788725
150,jiuquan,39.7432,98.5174,26.47,26.47,0,6.45,CN,1687788726
151,roma,43.2128,-75.4557,24.85,23.08,75,4.63,US,1687788675
152,bredasdorp,-34.5322,20.0403,13.25,13.25,93,7.6,ZA,1687788728
153,nar'yan-mar,67.6713,53.087,12.47,12.47,26,6.63,RU,1687788729
154,barcelos,41.5388,-8.6151,31.62,26.08,0,5.43,PT,1687788729
155,isangel,-19.55,169.2667,19.75,19.75,14,2.79,VU,1687788730
156,kill devil hills,36.0307,-75.676,29.0,28.01,0,6.69,US,1687788731
157,kursenai,55.985,22.9189,22.14,22.14,38,3.4,LT,1687788732
158,ilorin,8.5,4.55,28.2,28.2,40,3.09,NG,1687788733
159,haiku-pauwela,20.9219,-156.3051,23.36,20.65,0,5.14,US,1687788733
160,flying fish cove,-10.4217,105.6791,23.82,23.82,100,5.66,CX,1687788734
161,puerto cabezas,14.0351,-83.3888,25.84,25.84,100,3.51,NI,1687788735
162,avarua,-21.2078,-159.775,25.03,25.03,75,1.54,CK,1687788736
163,maumere,-8.6199,122.2111,26.06,26.06,19,0.49,ID,1687788737
164,boulevard park,47.4893,-122.3151,13.96,10.7,100,3.09,US,1687788737
165,bamboo flat,11.7,92.7167,28.24,28.24,100,5.43,IN,1687788739
166,lihue,21.9789,-159.3672,25.77,20.97,20,8.23,US,1687788739
167,crane,31.3974,-102.3501,31.02,31.02,0,7.14,US,1687788740
168,marsabit,2.3284,37.9899,24.9,24.9,100,7.88,KE,1687788741
169,airway heights,47.6446,-117.5933,17.07,12.74,20,2.06,US,1687788742
170,tura,25.5198,90.2201,24.41,24.41,35,3.31,IN,1687788600
171,faya-largeau,17.9257,19.1043,40.86,40.86,22,1.38,TD,1687788743
172,remire-montjoly,4.9167,-52.2667,30.02,30.02,20,2.06,GF,1687788744
173,colonia,50.9333,6.95,26.44,23.11,0,8.75,DE,1687788745
174,cill airne,52.05,-9.5167,18.03,18.03,20,5.66,IE,1687788746
175,filadelfia,39.9523,-75.1638,26.12,22.51,100,2.06,US,1687788552
176,nouadhibou,20.931,-17.0347,24.99,24.99,0,8.75,MR,1687788747
177,bilibino,68.0546,166.4372,12.49,12.49,100,0.1,RU,1687788748
178,byron bay,-28.65,153.6167,13.75,13.75,16,4.65,AU,1687788749
179,kerikeri,-35.2268,173.9474,11.11,11.11,100,3.27,NZ,1687788673
180,mana,5.6592,-53.7767,29.47,29.47,22,2.63,GF,1687788751
181,port blair,11.6667,92.75,28.21,28.21,100,5.49,IN,1687788752
182,narasannapeta,18.4167,84.05,29.22,29.22,100,2.84,IN,1687788753
183,zvishavane,-20.3267,30.0665,23.69,23.69,0,2.42,ZW,1687788753
184,wynyard,-41.0,145.7167,9.43,9.43,82,3.84,AU,1687788754
185,puerto leguizamo,-0.1934,-74.7819,24.11,24.11,99,1.07,CO,1687788755
186,port lincoln,-34.7333,135.8667,12.51,12.51,100,2.63,AU,1687788622
187,kyzyl,51.7,94.45,15.8,15.8,100,3.41,RU,1687788757
188,palmer,42.1584,-72.3287,26.05,21.72,75,2.06,US,1687788758
189,igarka,67.4667,86.5833,13.4,13.4,39,3.46,RU,1687788758
190,weno,7.4515,151.8468,27.97,27.97,75,1.54,FM,1687788759
191,cole harbour,44.6724,-63.4751,17.66,12.06,100,9.77,CA,1687788760
192,nagqu,31.5,92.0,8.05,8.05,61,0.73,CN,1687788761
193,runaway bay,18.4596,-77.3357,29.13,29.13,10,3.55,JM,1687788761
194,uturoa,-16.7333,-151.4333,27.05,27.05,24,7.47,PF,1687788762
195,invercargill,-46.4,168.35,7.94,7.94,69,1.49,NZ,1687788764
196,nogliki,51.8333,143.1667,12.95,12.95,87,4.64,RU,1687788765
197,franceville,-1.6333,13.5836,29.25,29.25,75,1.05,GA,1687788765
198,coxim,-18.5067,-54.76,26.4,26.4,0,3.63,BR,1687788767
199,muravlenko,63.7898,74.523,13.97,13.97,97,3.19,RU,1687788769
200,kiama,-34.6833,150.8667,14.65,12.78,47,8.05,AU,1687788770
201,apac,1.9756,32.5386,24.31,24.31,97,2.09,UG,1687788771
202,qaqortoq,60.7167,-46.0333,4.77,4.77,89,1.18,GL,1687788771
203,zimovniki,47.1483,42.4633,27.13,27.13,100,4.39,RU,1687788772
204,wailua homesteads,22.0669,-159.378,25.44,20.63,20,8.23,US,1687788773
205,luderitz,-26.6481,15.1594,14.25,14.25,91,5.13,NA,1687788774
206,santa cruz,-17.8,-63.1667,26.6,26.6,0,5.35,BO,1687788775
207,hasaki,35.7333,140.8333,24.01,22.22,100,3.4,JP,1687788775
208,malard,35.6659,50.9767,34.9,33.69,0,3.09,IR,1687788776
209,udachny,66.4167,112.4,16.92,16.92,85,3.84,RU,1687788777
210,cururupu,-1.8283,-44.8683,30.31,30.31,14,2.7,BR,1687788778
211,westport,41.1415,-73.3579,25.82,20.71,100,5.14,US,1687788779
212,santa ines,-3.6667,-45.38,29.33,29.33,5,3.94,BR,1687788780
213,bengkulu,-3.8004,102.2655,25.47,25.47,70,2.49,ID,1687788640
214,maceio,-9.6658,-35.7353,28.69,28.69,75,6.17,BR,1687788708
215,bakersfield,35.3733,-119.0187,20.47,17.14,0,2.06,US,1687788782
216,waitara,-38.925,174.25,10.27,8.89,100,0.99,NZ,1687788783
217,homer,59.6425,-151.5483,10.94,8.91,100,0.0,US,1687788784
218,anadyr,64.75,177.4833,12.28,11.67,0,3.0,RU,1687788785
219,usinsk,65.9939,57.5281,18.12,18.12,22,7.46,RU,1687788786
220,betul,21.9153,77.8961,22.86,22.86,100,5.41,IN,1687788786
221,nuuk,64.1835,-51.7216,10.34,10.34,20,5.66,GL,1687788658
222,nova sintra,14.8667,-24.7167,20.59,20.59,44,8.02,CV,1687788788
223,suklayin,15.7574,121.5503,25.37,25.37,100,0.87,PH,1687788790
224,hamilton,39.1834,-84.5333,23.45,19.84,100,4.63,US,1687788790
225,bor,56.3567,44.0669,23.96,23.85,13,3.9,RU,1687788791
226,punta arenas,-53.15,-70.9167,3.06,2.84,100,7.2,CL,1687788792
227,keflavik,64.0049,-22.5624,14.95,13.24,75,9.26,IS,1687788793
228,road town,18.4167,-64.6167,31.05,29.02,20,2.57,VG,1687788794
229,derzhavinsk,51.1,66.3167,17.52,17.52,73,9.98,KZ,1687788795
230,ishikawa,26.4233,127.8214,28.18,26.86,75,2.06,JP,1687788796
231,lethem,3.3803,-59.7968,28.46,28.46,25,2.29,GY,1687788797
232,puerto armuelles,8.2833,-82.8667,26.99,26.09,100,2.24,PA,1687788797
233,tralee,52.2704,-9.7026,17.14,17.14,75,6.69,IE,1687788664
234,riyadh,24.6877,46.7219,42.08,42.08,0,9.2,SA,1687788603
235,fort st. john,56.2499,-120.8529,14.94,14.94,40,1.03,CA,1687788800
236,cannonvale,-20.2833,148.7,20.66,20.66,88,0.43,AU,1687788801
237,utrik,11.2278,169.8474,28.06,28.06,100,8.98,MH,1687788802
238,mar'yinka,47.9453,37.5054,20.62,20.62,98,7.92,UA,1687788802
239,yeniseysk,58.4497,92.1703,12.4,12.4,100,1.8,RU,1687788803
240,talara,-4.5772,-81.2719,24.42,24.42,0,5.66,PE,1687788804
241,port hueneme,34.1478,-119.1951,16.95,13.6,100,2.57,US,1687788647
242,lebu,-37.6167,-73.65,10.94,10.94,100,3.74,CL,1687788807
243,manuguru,17.981,80.7547,25.98,25.98,100,0.72,IN,1687788807
244,khanty-mansiysk,61.0042,69.0019,18.06,17.84,0,1.0,RU,1687788801
245,forster,-32.1667,152.5167,12.91,12.91,0,6.23,AU,1687788809
246,santiago de cao,-7.9589,-79.2392,24.07,24.07,75,3.6,PE,1687788810
247,usogorsk,63.4106,48.6872,20.01,20.01,88,2.48,RU,1687788811
248,sarandi del yi,-33.35,-55.6333,19.94,19.94,100,4.25,UY,1687788811
249,khandyga,62.6667,135.6,19.83,19.83,74,2.14,RU,1687788812
250,emboscada,-25.15,-57.35,26.89,26.89,0,6.17,PY,1687788813
251,arkhangel'sk,64.5401,40.5433,23.04,23.04,69,3.1,RU,1687788692
252,saipan,15.1355,145.701,27.03,26.39,75,6.69,MP,1687788815
253,goz beida,13.95,20.55,38.07,38.07,18,2.99,TD,1687788815
254,vila franca do campo,37.7167,-25.4333,23.23,23.23,2,3.17,PT,1687788816
255,inverness highlands south,28.8006,-82.3371,31.79,27.77,99,1.93,US,1687788817
256,hadibu,12.65,54.0333,27.33,27.33,98,10.25,YE,1687788818
257,lethbridge,49.7,-112.8186,16.45,14.27,40,2.06,CA,1687788819
258,craig,40.5153,-107.5464,12.79,10.97,0,1.54,US,1687788819
259,gadzhiyevo,69.2551,33.3362,9.13,9.13,100,3.04,RU,1687788820
260,sidi ifni,29.3797,-10.173,46.86,46.86,30,0.64,MA,1687788821
261,banjar,-8.19,114.9675,24.45,24.45,33,2.26,ID,1687788822
262,constantia,44.1833,28.65,26.5,26.38,74,6.17,RO,1687788823
263,idri,27.5,13.2667,40.05,40.05,0,3.41,LY,1687788824
264,flin flon,54.7682,-101.865,13.91,13.91,40,2.57,CA,1687788825
265,portland,45.5234,-122.6762,14.78,11.84,75,2.06,US,1687788826
266,saynshand,44.8824,110.1163,24.81,24.81,0,4.61,MN,1687788827
267,stanthorpe,-28.6667,151.95,3.5,3.5,2,2.39,AU,1687788798
268,sarmiento,-45.5882,-69.07,7.35,7.35,100,10.98,AR,1687788828
269,hinton,53.4001,-117.5857,15.81,15.81,63,1.89,CA,1687788829
270,matoury,4.8483,-52.3317,29.98,29.98,20,2.06,GF,1687788830
271,al ghayzah,16.2079,52.176,31.3,31.3,51,4.7,YE,1687788831
272,tsiombe,-25.3,45.4833,20.07,20.07,0,3.39,MG,1687788832
273,condeixa-a-nova,40.1157,-8.4983,32.53,22.78,4,5.33,PT,1687788832
274,taltal,-25.4,-70.4833,18.74,18.74,0,2.26,CL,1687788835
275,bereznik,62.8551,42.7072,23.05,23.05,95,2.15,RU,1687788835
276,luchegorsk,46.4764,134.2569,19.11,19.11,99,2.66,RU,1687788836
277,maragogi,-9.0122,-35.2225,25.68,25.68,47,6.51,BR,1687788837
278,mogok,22.9167,96.5,19.71,19.71,17,1.56,MM,1687788838
279,labuan,5.2767,115.2417,26.2,26.2,20,0.0,MY,1687788839
280,el vigia,8.6219,-71.6506,29.5,29.5,72,1.72,VE,1687788840
281,arawa,-6.2132,155.5367,24.63,24.63,100,2.23,PG,1687788841
282,srivardhan,18.0333,73.0167,28.05,28.05,100,5.73,IN,1687788841
283,vilyuchinsk,52.9306,158.4028,12.15,11.81,45,0.98,RU,1687788817
284,fort bragg,35.139,-79.006,27.68,25.82,75,3.09,US,1687788843
285,sainte-agathe-des-monts,46.0501,-74.2825,21.14,18.16,95,5.8,CA,1687788844
286,dudinka,69.4058,86.1778,15.9,15.9,73,5.36,RU,1687788585
287,ballina,-28.8667,153.5667,12.82,12.82,6,4.52,AU,1687788846
288,kodinsk,58.6881,99.1844,14.36,14.36,100,3.7,RU,1687788846
289,el calafate,-50.3408,-72.2768,1.41,1.41,100,1.79,AR,1687788847
290,okhotsk,59.3833,143.3,11.35,11.35,9,2.73,RU,1687788848
291,larino,41.8055,14.9193,25.4,25.4,0,6.29,IT,1687788849
292,pisco,-13.7,-76.2167,18.03,17.79,100,2.57,PE,1687788851
293,kilju,40.9642,129.3278,19.13,19.13,100,1.57,KP,1687788852
294,razdol'noye,45.7708,33.4878,26.15,26.15,65,5.9,UA,1687788853
295,saudarkrokur,65.7461,-19.6394,15.06,15.06,33,1.63,IS,1687788853
296,mirabad,30.4362,61.8383,40.17,40.17,7,8.06,AF,1687788854
297,tamandare,-8.7597,-35.1047,25.14,25.14,54,6.01,BR,1687788855
298,callao,-12.0667,-77.15,22.07,21.16,100,5.14,PE,1687788802
299,gilgit,35.9221,74.3087,28.35,28.35,99,1.83,PK,1687788857
300,walvis bay,-22.9575,14.5053,15.61,15.61,99,3.67,NA,1687788858
301,port shepstone,-30.7414,30.455,19.91,19.91,85,3.47,ZA,1687788757
302,priargunsk,50.3691,119.1012,22.16,22.16,96,4.69,RU,1687788860
303,cidreira,-30.1811,-50.2056,21.16,21.16,97,1.77,BR,1687788861
304,rio grande,-32.035,-52.0986,24.06,22.75,100,3.9,BR,1687788862
305,chhindwara,22.0667,78.9333,23.81,23.81,100,5.33,IN,1687788662
306,kokopo,-4.352,152.2633,24.45,24.45,100,4.29,PG,1687788864
307,xinqing,48.2333,129.5,22.27,22.27,100,0.82,CN,1687788865
308,brookings,44.3114,-96.7984,19.47,17.84,0,4.63,US,1687788866
309,cabras,39.93,8.5314,34.37,34.37,0,4.06,IT,1687788821
310,inari,68.906,27.0288,14.11,14.11,64,3.4,FI,1687788868
311,ad dawadimi,24.5077,44.3924,39.83,39.83,0,4.35,SA,1687788704
312,inhambane,-23.865,35.3833,24.99,24.99,20,4.12,MZ,1687788869
313,palmas,-10.2128,-48.3603,28.93,28.93,0,4.63,BR,1687788831
314,cabinda,-5.55,12.2,24.68,24.68,82,4.86,AO,1687788762
315,alesund,62.4723,6.1549,21.06,18.08,20,3.09,NO,1687788738
316,ouadda,8.0777,22.4007,26.78,26.78,97,0.72,CF,1687788873
317,bubaque,11.2833,-15.8333,27.27,27.27,86,3.54,GW,1687788873
318,lubang,13.8584,120.124,29.03,29.03,88,1.91,PH,1687788874
319,kapuskasing,49.4169,-82.4331,16.05,16.0,100,2.57,CA,1687788875
320,beichengqu,40.4394,113.1536,19.15,19.15,1,2.81,CN,1687788701
321,palembang,-2.9167,104.7458,28.05,28.05,75,0.0,ID,1687788274
322,salinopolis,-0.6136,-47.3561,29.32,29.32,2,3.02,BR,1687788877
323,koubia,11.5833,-11.9,28.96,28.96,100,1.34,GN,1687788878
324,praia da vitoria,38.7333,-27.0667,23.75,23.14,20,3.08,PT,1687788879
325,kapa'a,22.0752,-159.319,26.18,21.38,20,8.23,US,1687788880
326,ponta delgada,37.7333,-25.6667,23.4,23.4,75,3.09,PT,1687788723
327,jaisalmer,26.9147,70.9181,36.51,36.51,49,7.3,IN,1687788881
328,iskateley,67.6803,53.1512,12.3,12.3,24,6.62,RU,1687788883
329,par,50.3539,-4.7109,21.28,18.56,100,5.94,GB,1687788884
330,yanacancha,-10.2411,-76.6456,7.11,7.11,10,1.88,PE,1687788885
331,jayapura,-2.5333,140.7,24.66,24.66,100,5.71,ID,1687788886
332,kayangel,8.0823,134.7173,28.66,28.66,8,2.23,PW,1687788886
333,tatarbunary,45.8373,29.6142,25.84,25.84,72,6.13,UA,1687788887
334,broken hill,-31.95,141.4333,11.51,11.51,100,3.56,AU,1687788834
335,talnakh,69.4865,88.3972,15.67,15.67,93,3.7,RU,1687788886
336,mocimboa,-11.3167,40.35,25.61,25.61,0,5.43,MZ,1687788890
337,mar del plata,-38.0023,-57.5575,15.61,9.01,100,5.66,AR,1687788890
338,briviesca,42.5499,-3.3232,24.08,24.08,60,4.91,ES,1687788891
339,bu'aale,1.0833,42.5833,29.61,29.61,88,6.6,SO,1687788892
340,howrah,22.5892,88.3103,27.0,27.0,75,3.09,IN,1687788893
341,solleftea,63.1667,17.2667,22.92,22.92,50,4.76,SE,1687788894
342,saldanha,-33.0117,17.9442,16.72,16.72,88,6.0,ZA,1687788894
343,hays,30.0502,-98.0336,29.59,26.2,0,1.79,US,1687788895
344,fereydun kenar,36.6864,52.5225,26.0,26.0,0,3.77,IR,1687788896
345,tolanaro,-25.0319,46.9987,19.2,19.2,0,3.38,MG,1687788897
346,ercis,39.0287,43.3586,25.44,25.44,0,4.1,TR,1687788898
347,shijiang,27.0819,110.7933,24.29,24.29,0,0.5,CN,1687788898
348,revda,56.801,59.9303,12.21,12.21,100,3.42,RU,1687788899
349,san patricio,28.017,-97.5169,30.4,28.8,12,6.14,US,1687788900
350,cockburn town,21.4612,-71.1419,28.39,28.39,17,6.49,TC,1687788901
351,camana,-16.6228,-72.7111,18.87,18.87,6,2.0,PE,1687788902
352,newton,42.337,-71.2092,25.09,21.09,100,2.06,US,1687788902
353,acapulco de juarez,16.8634,-99.8901,27.9,27.9,75,5.66,MX,1687788903
354,valverde del camino,37.5751,-6.7543,33.91,33.91,0,4.97,ES,1687788904
355,namibe,-15.1961,12.1522,19.59,19.59,8,6.93,AO,1687788905
356,happy valley-goose bay,53.3168,-60.3315,19.17,19.17,20,6.17,CA,1687788906
357,brokopondo,4.75,-55.1667,27.85,27.85,65,2.53,SR,1687788906
358,saint-pierre,-21.3393,55.4781,21.82,18.43,75,2.06,RE,1687788907
359,ad dabbah,18.05,30.95,41.85,41.85,2,6.1,SD,1687788909
360,oshawa,43.9001,-78.8496,22.33,20.68,100,4.63,CA,1687788910
361,songling,31.1933,120.7176,24.92,24.92,97,1.61,CN,1687788911
362,dickinson,29.4608,-95.0513,31.12,28.06,75,4.12,US,1687788911
363,camacupa,-12.0167,17.4833,26.75,26.75,8,0.87,AO,1687788912
364,el granada,37.5027,-122.4694,14.05,10.66,100,5.66,US,1687788913
365,laboulaye,-34.1266,-63.3912,14.46,14.46,9,7.25,AR,1687788914
366,anna regina,7.2644,-58.5077,29.07,29.07,90,1.86,GY,1687788915
367,maitum,6.0392,124.4986,26.1,26.1,100,1.41,PH,1687788916
368,robore,-18.3333,-59.75,23.05,23.05,0,3.09,BO,1687788916
369,tofol,5.3248,163.0078,27.05,27.05,100,7.64,FM,1687788917
370,vorgashor,67.5833,63.95,14.79,14.79,97,3.4,RU,1687788918
371,mao,39.8885,4.2658,29.31,29.31,20,4.12,ES,1687788680
372,vadso,70.0744,29.7487,12.49,11.09,75,3.6,NO,1687788920
373,alofi,-19.0595,-169.9187,18.94,18.94,75,0.51,NU,1687788829
374,kisangani,0.5167,25.2,26.81,26.81,100,0.67,CD,1687788921
375,yacimiento rio turbio,-51.5732,-72.3508,-4.34,-4.34,75,2.57,AR,1687788922
376,beyneu,45.3167,55.2,28.83,28.83,0,5.15,KZ,1687788923
377,moranbah,-22.0016,148.0466,19.48,19.48,67,2.5,AU,1687788924
378,crucecita,-28.95,-58.9833,26.39,26.39,5,6.19,AR,1687788925
379,rokiskis,55.9667,25.5833,18.09,18.09,80,2.54,LT,1687788786
380,afif,23.9065,42.9172,40.04,40.04,4,3.85,SA,1687788926
381,tete,-16.1564,33.5867,27.05,27.05,20,4.63,MZ,1687788756
382,bardai,11.65,7.2333,31.94,31.94,72,2.72,NG,1687788928
383,el porvenir,13.7617,-87.3458,24.63,24.13,84,1.08,HN,1687788928
384,sitka,57.0531,-135.33,12.94,12.94,100,0.0,US,1687788929
385,bridgewater,44.3835,-64.5155,17.28,13.79,100,10.29,CA,1687788930
386,bac lieu,9.285,105.7244,28.29,28.29,67,4.69,VN,1687788931
387,vikulovo,56.8167,70.6107,14.22,14.22,100,4.92,RU,1687788932
388,pacasmayo,-7.4006,-79.5714,22.52,22.52,97,2.91,PE,1687788933
389,miandrivazo,-19.5167,45.4667,26.04,26.04,0,2.39,MG,1687788934
390,akjoujt,19.6969,-14.4164,42.24,42.24,0,3.46,MR,1687788935
391,hailar,49.2,119.7,22.92,22.92,100,6.34,CN,1687788917
392,gwarzo,11.9152,7.9346,33.71,33.71,100,2.14,NG,1687788936
393,mil'kovo,55.6078,37.7956,25.73,24.11,97,2.46,RU,1687788937
394,cacheu,12.2706,-16.1658,32.03,32.03,100,3.67,GW,1687788938
395,tagta,41.6504,59.9164,35.97,35.97,0,5.14,TM,1687788939
396,shimoga,13.9167,75.5667,24.62,24.62,100,3.58,IN,1687788712
397,shingu,33.7333,135.9833,23.33,23.33,100,1.48,JP,1687788809
398,laguna,38.421,-121.4238,15.6,11.75,100,3.09,US,1687788941
399,selfoss,63.9331,-20.9971,12.25,12.25,92,4.82,IS,1687788942
400,okha,53.5739,142.9478,9.23,9.23,79,0.87,RU,1687788840
401,ostersund,63.1792,14.6357,25.34,24.25,0,6.17,SE,1687788943
402,palo santo,-25.5633,-59.3378,27.54,27.54,0,5.43,AR,1687788944
403,portage la prairie,49.9728,-98.2926,21.05,18.95,75,3.09,CA,1687788946
404,honefoss,60.168,10.2565,28.12,23.97,93,4.56,NO,1687788946
405,pacific grove,36.6177,-121.9166,13.34,11.35,100,1.79,US,1687788947
406,qarazhal,48.0078,70.7903,26.55,26.55,100,3.43,KZ,1687788948
407,lompoc,34.6391,-120.4579,14.88,11.07,100,4.12,US,1687788949
408,griffith,41.5284,-87.4237,21.97,20.47,100,6.69,US,1687788950
409,fale old settlement,-9.3852,-171.2468,28.63,28.63,94,6.76,TK,1687788950
410,egilsstadir,65.2653,-14.3948,16.95,16.95,75,6.17,IS,1687788951
411,yuzhno-kurilsk,44.0306,145.8556,12.38,12.38,95,5.2,RU,1687788952
412,port isabel,26.0734,-97.2086,31.02,30.03,20,7.2,US,1687788953
413,sao desiderio,-12.3633,-44.9733,29.22,29.22,99,3.7,BR,1687788954
414,kuqa,41.7278,82.9364,26.51,26.51,1,4.41,CN,1687788931
415,menongue,-14.6585,17.691,28.55,28.55,6,1.7,AO,1687788735
416,chernyshevskiy,63.0128,112.4714,16.3,16.3,100,4.27,RU,1687788956
417,pallisa,1.145,33.7094,25.75,25.75,76,1.71,UG,1687788957
418,ulladulla,-35.35,150.4667,12.43,12.43,72,3.8,AU,1687788958
419,el hadjira,32.6134,5.5126,40.31,40.31,0,3.75,DZ,1687788959
420,kupang,-10.1667,123.5833,25.06,25.06,12,1.8,ID,1687788959
421,imbituba,-28.24,-48.6703,21.59,21.59,0,1.52,BR,1687788960
422,west bay,19.3667,-81.4167,31.11,31.04,20,3.09,KY,1687788961
423,gallup,35.5281,-108.7426,22.23,17.91,0,0.0,US,1687788962
424,colesberg,-30.72,25.0972,18.42,18.42,63,3.56,ZA,1687788962
425,kristiansund,63.1115,7.732,22.36,22.03,0,2.57,NO,1687788963
426,cabedelo,-6.9811,-34.8339,26.8,26.8,46,6.15,BR,1687788806
427,gizo,-8.103,156.8419,27.13,27.13,98,7.95,SB,1687788965
428,jiayuguan,39.8167,98.3,25.8,25.8,1,5.22,CN,1687788966
429,el nido,11.1858,119.3956,27.7,27.7,69,1.87,PH,1687788967
430,gobabis,-22.45,18.9667,23.92,23.92,0,8.75,NA,1687788968
431,ceeldheer,3.8488,47.1806,27.28,27.28,91,10.86,SO,1687788969
432,ulsteinvik,62.3432,5.8487,21.61,18.07,85,1.34,NO,1687788969
433,kingston,17.997,-76.7936,31.53,29.56,20,6.69,JM,1687788972
434,ulan bator,47.9077,106.8832,18.07,18.07,40,5.0,MN,1687788735
435,kidal,18.4411,1.4078,38.98,38.98,76,2.51,ML,1687788973
436,iwaki,37.05,140.8833,21.68,21.18,100,1.43,JP,1687788966
437,long beach,33.767,-118.1892,18.07,13.67,20,0.0,US,1687788937
438,gorgan,36.8387,54.4348,31.98,31.98,0,7.2,IR,1687788976
439,turpan,42.9333,89.1667,28.04,28.04,100,3.04,CN,1687788976
440,kyren,51.6828,102.1408,10.88,10.88,100,1.5,RU,1687788977
441,mahibadhoo,3.7833,72.9667,27.81,27.81,100,6.07,MV,1687788978
442,daye,30.0833,114.95,24.91,24.91,0,1.99,CN,1687788956
443,aasiaat,68.7098,-52.8699,2.49,2.49,88,2.84,GL,1687788980
444,la cruz,23.9167,-106.9,27.51,27.51,10,1.64,MX,1687788981
445,verkhotur'ye,58.8627,60.8054,17.81,17.81,80,2.77,RU,1687788982
446,bairnsdale,-37.8333,147.6167,10.59,10.59,11,3.04,AU,1687788982
447,pita,10.8333,-12.5833,29.92,29.92,100,0.83,GN,1687788983
448,andergrove,-21.0833,149.1833,17.03,17.03,95,1.93,AU,1687788984
449,o rosal,41.9354,-8.8368,28.53,28.45,3,6.58,ES,1687788985
450,banfora,10.6333,-4.7667,29.97,29.97,82,2.59,BF,1687788986
451,baiquan,47.5833,126.0833,27.9,27.9,100,2.67,CN,1687788986
452,bama,11.5221,13.6856,37.66,37.66,10,2.72,NG,1687788987
453,vila velha,-20.3297,-40.2925,25.97,25.53,75,3.09,BR,1687788774
454,suntar,62.1444,117.6319,15.82,15.82,92,3.15,RU,1687788989
455,fiambala,-27.6871,-67.6149,24.38,24.38,0,2.9,AR,1687788990
456,ust'-ilimsk,58.0006,102.6619,14.45,14.45,100,1.87,RU,1687788992
457,nuku'alofa,-21.1333,-175.2,22.19,22.19,20,4.12,TO,1687788993
458,veinticinco de mayo,-35.4323,-60.1727,18.32,18.32,99,0.45,AR,1687788863
459,midland,31.9974,-102.0779,32.81,31.14,0,6.17,US,1687788857
460,ust-tsilma,65.441,52.1498,19.94,19.94,41,4.27,RU,1687788995
461,bathsheba,13.2167,-59.5167,30.34,30.34,75,8.75,BB,1687788996
462,maymana,35.9214,64.7836,31.01,31.01,0,6.08,AF,1687788998
463,shagonar,51.5333,92.8,14.48,14.48,100,0.87,RU,1687788998
464,kribi,2.95,9.9167,26.69,26.69,94,4.84,CM,1687789000
465,manokwari,-0.8667,134.0833,26.53,26.53,28,2.82,ID,1687789001
466,agat village,13.3886,144.6585,28.52,26.53,40,5.66,GU,1687789001
467,nantucket,41.2835,-70.0995,22.08,19.43,100,2.57,US,1687788735
468,bogo,11.0517,124.0055,26.74,26.74,89,1.0,PH,1687789003
469,kitimat,54.0524,-128.6534,16.21,14.39,100,0.78,CA,1687789004
470,opuwo,-18.0607,13.84,26.73,26.73,0,6.57,NA,1687789005
471,nabire,-3.3667,135.4833,25.34,25.34,85,1.21,ID,1687789006
472,inhuma,-6.6683,-41.7078,30.59,30.59,5,4.4,BR,1687789007
473,murashi,59.3999,48.9615,17.74,17.74,86,2.81,RU,1687789008
474,guarapari,-20.6667,-40.4975,25.5,25.5,39,4.68,BR,1687788817
475,huayin,34.5675,110.0921,26.61,26.61,2,4.29,CN,1687789009
476,puerto deseado,-47.7503,-65.8938,6.47,6.47,100,3.03,AR,1687789010
477,lorengau,-2.0226,147.2712,27.81,27.81,100,6.18,PG,1687789011
478,isla mujeres,21.2311,-86.731,30.09,30.03,9,2.54,MX,1687789013
479,fort mcmurray,56.7268,-111.381,15.77,15.73,20,2.57,CA,1687789014
480,mokhsogollokh,61.4681,128.9203,19.13,19.13,95,2.49,RU,1687789017
481,manacapuru,-3.2997,-60.6206,30.89,30.89,62,1.75,BR,1687789017
482,onega,63.9061,38.1404,22.92,22.92,41,2.47,RU,1687788833
483,bezhetsk,57.7851,36.6965,20.14,20.14,85,2.79,RU,1687788796
484,waingapu,-9.6567,120.2641,25.02,25.02,17,1.55,ID,1687789020
485,benghazi,32.1167,20.0667,25.31,25.31,0,6.04,LY,1687788928
486,guane,22.2025,-84.0875,30.03,30.03,5,2.04,CU,1687789021
487,novodvinsk,64.4165,40.8122,24.51,24.51,80,2.78,RU,1687788845
488,aykhal,66.0,111.5,15.63,15.63,78,4.08,RU,1687789023
489,christchurch,-43.5333,172.6333,11.62,5.74,100,1.03,NZ,1687788991
490,coracora,-15.0333,-73.7833,14.39,14.39,3,1.01,PE,1687789025
491,at taraf,25.3628,49.725,41.07,41.07,20,6.69,SA,1687788729
492,egersund,58.4513,5.9997,14.67,14.67,100,2.75,NO,1687789026
493,mbala,-8.8402,31.3659,23.55,23.55,8,1.69,ZM,1687789027
494,bandarbeyla,9.4942,50.8122,29.37,29.37,55,12.06,SO,1687789028
495,urengoy,65.9667,78.3667,13.4,13.4,93,2.26,RU,1687789029
496,shinkafi,13.0753,6.5105,35.85,35.85,96,1.58,NG,1687789029
497,jasper,37.2001,-94.3502,25.57,22.81,0,2.57,US,1687789031
498,shimanovsk,52.0,127.7,18.48,18.48,100,0.78,RU,1687789032
499,coquimbo,-29.9533,-71.3436,14.85,14.85,0,3.6,CL,1687788778
500,lospalos,-8.5186,127.0025,22.86,22.86,89,2.07,TL,1687788799
501,luau,-10.7073,22.2247,28.76,28.76,6,0.88,AO,1687789034
502,pyapon,16.2833,95.6833,26.22,26.22,100,2.61,MM,1687789035
503,newman,37.3138,-121.0208,14.46,12.92,2,0.89,US,1687789036
504,laascaanood,8.4774,47.3597,29.91,29.91,100,10.72,SO,1687789037
505,guerrero negro,27.9769,-114.0611,17.64,17.64,0,7.44,MX,1687789038
506,grand falls-windsor,48.9332,-55.6649,14.83,14.83,33,2.34,CA,1687789040
507,beloyarskiy,63.7119,66.6722,17.39,17.39,98,0.32,RU,1687788812
508,chonchi,-42.6128,-73.8092,6.73,6.56,85,2.5,CL,1687789042
509,peniche,39.3558,-9.3811,29.6,21.63,1,8.78,PT,1687789043
510,gleno,-8.7211,125.4359,21.05,21.05,44,1.44,TL,1687789043
511,gouyave,12.1646,-61.7296,29.43,29.43,75,6.17,GD,1687789044
512,jilin,43.0,126.0,19.26,19.26,100,4.53,CN,1687789047
513,kokoda,-8.8785,147.7407,22.99,22.99,100,0.68,PG,1687789047
514,nemuro,43.3236,145.575,13.1,13.1,100,6.18,JP,1687789048
515,micheweni,-4.9667,39.8333,25.14,25.14,64,7.07,TZ,1687789050
516,kalmunai,7.4167,81.8167,29.23,29.23,85,1.81,LK,1687789052
517,kailua-kona,19.6406,-155.9956,23.98,21.65,40,4.12,US,1687789053
518,lata,40.1629,-8.3327,30.27,22.12,4,4.85,PT,1687789054
519,namie,37.4833,141.0,22.53,19.99,100,1.86,JP,1687788810
520,lawton,34.6087,-98.3903,28.95,27.13,0,6.69,US,1687789034
521,chegdomyn,51.1167,133.0167,17.5,17.5,42,1.17,RU,1687789057
522,slave lake,55.2834,-114.769,13.99,13.99,75,2.57,CA,1687789057
523,pedrera,37.2012,-4.9035,39.13,39.13,0,3.88,ES,1687789058
524,betio village,1.358,172.9211,27.02,27.02,100,0.61,KI,1687789059
525,papao,-17.75,-149.55,24.82,24.81,0,7.93,PF,1687789060
526,oranjestad,12.524,-70.027,30.97,30.97,40,9.77,AW,1687789061
527,chipinge,-20.1883,32.6236,21.06,21.06,0,1.78,ZW,1687788924
528,sandnessjoen,66.0217,12.6316,28.29,26.06,0,2.06,NO,1687789063
529,antsiranana,-12.2787,49.2917,24.85,24.85,11,7.62,MG,1687789063
530,juneau,58.3019,-134.4197,13.0,11.72,100,4.63,US,1687789064
531,chinde,26.8418,88.0763,19.94,19.94,41,2.14,NP,1687789065
532,hithadhoo,-0.6,73.0833,28.36,28.36,100,4.67,MV,1687789066
533,petauke,-14.2426,31.3253,24.53,24.53,0,1.09,ZM,1687789067
534,"laikit, laikit ii (dimembe)",1.4792,124.9735,22.47,22.47,20,1.03,ID,1687789068
535,shakiso,5.75,38.9167,19.6,19.6,99,1.7,ET,1687789069
536,carbonear,47.7332,-53.2148,12.08,6.86,36,5.48,CA,1687789070
537,meulaboh,4.1363,96.1285,26.15,26.15,100,1.4,ID,1687789064
538,berezovo,63.9381,65.0419,16.62,16.62,100,3.57,RU,1687789071
